Offspring ID,Loci typed,Father ID,Loci typed,Pair loci compared,Pair loci mismatching,Pair LOD score,Candidate mother ID,Loci typed,Pair loci compared,Pair loci mismatching,Pair LOD score,Pair Delta,Pair confidence,Trio loci compared,Trio loci mismatching,Trio LOD score,Trio Delta,Trio confidence
UHA-0001,14,,0,0,0, 0.00000000000000E+0000,
UHA-0002,14,,0,0,0, 0.00000000000000E+0000,
UHA-0003,14,,0,0,0, 0.00000000000000E+0000,
UHA-0004,13,,0,0,0, 0.00000000000000E+0000,
UHA-0005,14,,0,0,0, 0.00000000000000E+0000,
UHA-0006,14,,0,0,0, 0.00000000000000E+0000,
UHA-0007,14,,0,0,0, 0.00000000000000E+0000,
UHA-0008,0,,0
UHA-0020,13,UHA-0261,14,13,0, 1.50190634434041E+0001,
UHA-0023,10,UHA-0261,14,10,1, 3.48140979978834E+0000,
UHA-0025,13,UHA-0261,14,13,0, 1.38731986814767E+0001,
UHA-0026,13,UHA-0261,14,13,0, 1.54662969610465E+0001,
UHA-0027,14,UHA-0261,14,14,0, 1.33259625605484E+0001,
UHA-0028,14,UHA-0261,14,14,0, 1.80984582649176E+0001,
UHA-0099,13,UHA-0257,13,13,0, 1.24837411668325E+0001,
UHA-0102,0,UHA-0257,13
UHA-0106,0,UHA-0257,13
UHA-0110,0,UHA-0257,13
UHA-0009,13,,0,0,0, 0.00000000000000E+0000,
UHA-0010,13,,0,0,0, 0.00000000000000E+0000,
UHA-0011,13,,0,0,0, 0.00000000000000E+0000,
UHA-0012,13,,0,0,0, 0.00000000000000E+0000,
UHA-0013,13,,0,0,0, 0.00000000000000E+0000,
UHA-0014,13,,0,0,0, 0.00000000000000E+0000,
UHA-0015,13,,0,0,0, 0.00000000000000E+0000,
UHA-0016,11,,0,0,0, 0.00000000000000E+0000,
UHA-0017,13,,0,0,0, 0.00000000000000E+0000,
UHA-0018,12,,0,0,0, 0.00000000000000E+0000,
UHA-0019,0,UHA-0261,14
UHA-0021,0,UHA-0261,14
UHA-0022,0,UHA-0261,14
UHA-0024,0,UHA-0261,14
UHA-0029,14,UHA-0261,14,14,0, 1.37446105245732E+0001,
UHA-0030,0,UHA-0261,14
UHA-0031,0,UHA-0261,14
UHA-0032,0,UHA-0261,14
UHA-0033,10,UHA-0261,14,10,0, 1.02024117223712E+0001,
UHA-0043,12,UHA-0260,14,12,0, 9.96020438082200E+0000,
UHA-0044,0,UHA-0260,14
UHA-0045,13,UHA-0260,14,13,0, 1.44262532468212E+0001,
UHA-0046,0,UHA-0260,14
UHA-0047,14,UHA-0260,14,14,0, 1.32080247740597E+0001,
UHA-0048,0,UHA-0260,14
UHA-0049,0,UHA-0260,14
UHA-0050,0,UHA-0260,14
UHA-0051,0,UHA-0260,14
UHA-0052,14,UHA-0260,14,14,0, 1.99501466868970E+0001,
UHA-0053,0,UHA-0260,14
UHA-0054,0,UHA-0260,14
UHA-0055,0,UHA-0260,14
UHA-0056,12,UHA-0260,14,12,0, 8.60794919403104E+0000,
UHA-0067,0,UHA-0014,13
UHA-0068,13,UHA-0014,13,13,1, 3.07184376975440E+0000,
UHA-0069,0,UHA-0014,13
UHA-0070,13,UHA-0014,13,13,0, 1.06980212154664E+0001,
UHA-0071,12,UHA-0014,13,12,0, 9.50665388913674E+0000,
UHA-0072,0,UHA-0014,13
UHA-0073,0,UHA-0014,13
UHA-0074,0,UHA-0014,13
UHA-0075,12,UHA-0014,13,12,0, 8.98800313748843E+0000,
UHA-0076,0,UHA-0014,13
UHA-0077,13,UHA-0014,13,13,0, 9.92111390221024E+0000,
UHA-0078,0,UHA-0014,13
UHA-0079,13,UHA-0014,13,13,1, 7.62042217789359E+0000,
UHA-0080,12,UHA-0014,13,12,0, 8.32889521015740E+0000,
UHA-0081,12,UHA-0014,13,12,0, 1.15092525183049E+0001,
UHA-0098,13,UHA-0257,13,13,0, 1.02173110468287E+0001,
UHA-0100,0,UHA-0257,13
UHA-0101,11,UHA-0257,13,11,1, 3.93223876309269E+0000,
UHA-0103,0,UHA-0257,13
UHA-0104,0,UHA-0257,13
UHA-0105,12,UHA-0257,13,12,0, 1.44825262066527E+0001,
UHA-0107,0,UHA-0257,13
UHA-0108,0,UHA-0257,13
UHA-0109,13,UHA-0257,13,13,0, 1.14618761124741E+0001,
UHA-0111,13,UHA-0257,13,13,0, 1.29513247549855E+0001,
UHA-0112,12,UHA-0257,13,12,6,-2.08397643931229E+0001,
UHA-0183,13,,0,0,0, 0.00000000000000E+0000,
UHA-0184,0,,0
UHA-0186,14,,0,0,0, 0.00000000000000E+0000,
UHA-0187,14,,0,0,0, 0.00000000000000E+0000,
UHA-0188,14,,0,0,0, 0.00000000000000E+0000,
UHA-0191,13,,0,0,0, 0.00000000000000E+0000,
UHA-0193,13,,0,0,0, 0.00000000000000E+0000,
UHA-0194,12,,0,0,0, 0.00000000000000E+0000,
UHA-0195,11,,0,0,0, 0.00000000000000E+0000,
UHA-0196,13,,0,0,0, 0.00000000000000E+0000,
UHA-0197,12,,0,0,0, 0.00000000000000E+0000,
UHA-0198,13,,0,0,0, 0.00000000000000E+0000,
UHA-0202,13,,0,0,0, 0.00000000000000E+0000,
UHA-0205,13,,0,0,0, 0.00000000000000E+0000,
UHA-0206,10,,0,0,0, 0.00000000000000E+0000,
UHA-0207,12,,0,0,0, 0.00000000000000E+0000,
UHA-0208,13,,0,0,0, 0.00000000000000E+0000,
UHA-0209,10,,0,0,0, 0.00000000000000E+0000,
UHA-0210,12,,0,0,0, 0.00000000000000E+0000,
UHA-0211,12,,0,0,0, 0.00000000000000E+0000,
UHA-0212,11,,0,0,0, 0.00000000000000E+0000,
UHA-0213,14,,0,0,0, 0.00000000000000E+0000,
UHA-0214,14,,0,0,0, 0.00000000000000E+0000,
UHA-0215,14,,0,0,0, 0.00000000000000E+0000,
UHA-0216,13,,0,0,0, 0.00000000000000E+0000,
UHA-0217,14,,0,0,0, 0.00000000000000E+0000,
UHA-0218,14,,0,0,0, 0.00000000000000E+0000,
UHA-0219,12,,0,0,0, 0.00000000000000E+0000,
UHA-0220,14,,0,0,0, 0.00000000000000E+0000,
UHA-0221,14,,0,0,0, 0.00000000000000E+0000,
UHA-0222,14,,0,0,0, 0.00000000000000E+0000,
UHA-0223,14,,0,0,0, 0.00000000000000E+0000,
UHA-0225,14,,0,0,0, 0.00000000000000E+0000,
UHA-0226,14,,0,0,0, 0.00000000000000E+0000,
UHA-0227,14,,0,0,0, 0.00000000000000E+0000,
UHA-0228,14,,0,0,0, 0.00000000000000E+0000,
UHA-0229,13,,0,0,0, 0.00000000000000E+0000,
UHA-0230,13,,0,0,0, 0.00000000000000E+0000,
UHA-0231,13,,0,0,0, 0.00000000000000E+0000,
UHA-0232,14,,0,0,0, 0.00000000000000E+0000,
UHA-0233,13,,0,0,0, 0.00000000000000E+0000,
UHA-0237,0,,0
UHA-0238,13,,0,0,0, 0.00000000000000E+0000,
UHA-0239,13,,0,0,0, 0.00000000000000E+0000,
UHA-0240,14,,0,0,0, 0.00000000000000E+0000,
UHA-0241,14,,0,0,0, 0.00000000000000E+0000,
UHA-0242,13,,0,0,0, 0.00000000000000E+0000,
UHA-0243,13,,0,0,0, 0.00000000000000E+0000,
UHA-0244,14,,0,0,0, 0.00000000000000E+0000,
UHA-0245,13,,0,0,0, 0.00000000000000E+0000,
UHA-0246,13,,0,0,0, 0.00000000000000E+0000,
UHA-0247,13,,0,0,0, 0.00000000000000E+0000,
UHA-0248,14,,0,0,0, 0.00000000000000E+0000,
UHA-0249,13,,0,0,0, 0.00000000000000E+0000,
UHA-0251,12,,0,0,0, 0.00000000000000E+0000,
UHA-0252,12,,0,0,0, 0.00000000000000E+0000,
UHA-0254,13,,0,0,0, 0.00000000000000E+0000,
UHA-0255,13,,0,0,0, 0.00000000000000E+0000,
UHA-0256,11,,0,0,0, 0.00000000000000E+0000,
UHA-0257,13,,0,0,0, 0.00000000000000E+0000,
UHA-0258,12,,0,0,0, 0.00000000000000E+0000,
UHA-0259,13,,0,0,0, 0.00000000000000E+0000,
UHA-0260,14,,0,0,0, 0.00000000000000E+0000,
UHA-0261,14,,0,0,0, 0.00000000000000E+0000,
UHA-0262,13,,0,0,0, 0.00000000000000E+0000,
UHA-0263,13,,0,0,0, 0.00000000000000E+0000,
UHA-0264,13,,0,0,0, 0.00000000000000E+0000,
UHA-0265,13,,0,0,0, 0.00000000000000E+0000,
UHA-0266,12,,0,0,0, 0.00000000000000E+0000,
UHA-0267,13,,0,0,0, 0.00000000000000E+0000,
UHA-0273,14,,0,0,0, 0.00000000000000E+0000,
UHA-0281,0,,0
UHA-0282,14,,0,0,0, 0.00000000000000E+0000,
UHA-0283,14,,0,0,0, 0.00000000000000E+0000,
UHA-0284,14,,0,0,0, 0.00000000000000E+0000,
UHA-0285,14,,0,0,0, 0.00000000000000E+0000,
UHA-0286,14,,0,0,0, 0.00000000000000E+0000,
UHA-0287,12,,0,0,0, 0.00000000000000E+0000,
UHA-0288,13,,0,0,0, 0.00000000000000E+0000,
UHA-0289,13,,0,0,0, 0.00000000000000E+0000,
UHA-0294,12,,0,0,0, 0.00000000000000E+0000,
UHA-0295,12,,0,0,0, 0.00000000000000E+0000,
UHA-0298,13,,0,0,0, 0.00000000000000E+0000,
UHA-0299,14,,0,0,0, 0.00000000000000E+0000,
UHA-0300,13,,0,0,0, 0.00000000000000E+0000,
UHA-0301,14,,0,0,0, 0.00000000000000E+0000,
UHA-0302,12,,0,0,0, 0.00000000000000E+0000,
UHA-0303,14,,0,0,0, 0.00000000000000E+0000,
UHA-0304,14,,0,0,0, 0.00000000000000E+0000,
UHA-0305,13,,0,0,0, 0.00000000000000E+0000,
UHA-0306,12,,0,0,0, 0.00000000000000E+0000,
UHA-0307,14,,0,0,0, 0.00000000000000E+0000,
UHA-0308,12,,0,0,0, 0.00000000000000E+0000,
UHA-0309,13,,0,0,0, 0.00000000000000E+0000,
UHA-0310,14,,0,0,0, 0.00000000000000E+0000,
UHA-0311,14,,0,0,0, 0.00000000000000E+0000,
UHA-0312,12,,0,0,0, 0.00000000000000E+0000,
UHA-0313,14,,0,0,0, 0.00000000000000E+0000,
UHA-0314,11,,0,0,0, 0.00000000000000E+0000,
UHA-0316,14,,0,0,0, 0.00000000000000E+0000,
UHA-0317,13,,0,0,0, 0.00000000000000E+0000,
UHA-0318,13,,0,0,0, 0.00000000000000E+0000,
UHA-0319,14,,0,0,0, 0.00000000000000E+0000,
UHA-0320,14,,0,0,0, 0.00000000000000E+0000,
UHA-0321,12,,0,0,0, 0.00000000000000E+0000,
UHA-0322,14,,0,0,0, 0.00000000000000E+0000,
UHA-0323,14,,0,0,0, 0.00000000000000E+0000,
UHA-0324,13,,0,0,0, 0.00000000000000E+0000,
UHA-0325,14,,0,0,0, 0.00000000000000E+0000,
UHA-0326,14,,0,0,0, 0.00000000000000E+0000,
UHA-0327,13,,0,0,0, 0.00000000000000E+0000,
UHA-0329,14,,0,0,0, 0.00000000000000E+0000,
UHA-0330,14,,0,0,0, 0.00000000000000E+0000,
UHA-0331,13,,0,0,0, 0.00000000000000E+0000,
UHA-0332,14,,0,0,0, 0.00000000000000E+0000,
UHA-0333,14,,0,0,0, 0.00000000000000E+0000,
UHA-0334,14,,0,0,0, 0.00000000000000E+0000,
UHA-0335,14,,0,0,0, 0.00000000000000E+0000,
UHA-0336,0,,0
UHA-0337,14,,0,0,0, 0.00000000000000E+0000,
UHA-0338,14,,0,0,0, 0.00000000000000E+0000,
UHA-0339,14,,0,0,0, 0.00000000000000E+0000,
UHA-0340,14,,0,0,0, 0.00000000000000E+0000,
UHA-0341,0,,0
UHA-0342,0,,0
UHA-0343,14,,0,0,0, 0.00000000000000E+0000,
UHA-0345,14,,0,0,0, 0.00000000000000E+0000,
UHA-0346,13,,0,0,0, 0.00000000000000E+0000,
UHA-0347,13,,0,0,0, 0.00000000000000E+0000,
UHA-0348,13,,0,0,0, 0.00000000000000E+0000,
UHA-0349,11,,0,0,0, 0.00000000000000E+0000,
UHA-0350,13,,0,0,0, 0.00000000000000E+0000,
UHA-0354,12,,0,0,0, 0.00000000000000E+0000,
UHA-0352,13,,0,0,0, 0.00000000000000E+0000,
UHA-0353,12,,0,0,0, 0.00000000000000E+0000,
