id,popn,mother,QS03797, ,MSQ13, ,QrZAG20, ,QS00314, ,QpZAG9, ,QS1904, ,qs03297, ,MSQ4, ,QpZAG110, ,QS00562, ,QpZAG119, ,QrZAG87, ,QpZAG1/5, ,QM69-2M1, 
UHA-0020,O,UHA-0261,142,182,230,230,157,177,179,179,243,243,137,149,0,0,207,217,200,200,224,224,89,109,99,99,181,181,222,222
UHA-0025,O,UHA-0261,144,144,216,232,175,163,179,173,243,261,139,139,0,0,199,215,200,200,224,224,81,103,99,99,181,169,222,222
UHA-0026,O,UHA-0261,142,144,230,216,177,165,173,173,257,249,137,139,215,215,217,217,200,200,0,0,81,113,99,99,169,159,222,230
UHA-0027,O,UHA-0261,144,144,216,232,175,173,179,176,243,265,137,139,215,215,199,211,200,200,224,224,81,113,99,99,169,159,222,222
UHA-0028,O,UHA-0261,142,144,216,234,177,173,179,179,243,257,137,139,215,215,217,211,200,200,224,224,109,97,99,99,181,169,222,238
UHA-0099,O,UHA-0257,144,144,232,232,163,173,179,173,257,265,137,137,0,0,211,209,200,200,224,224,103,113,99,99,159,165,222,222
UHA-0029,O,UHA-0261,142,144,216,232,177,155,173,176,243,257,137,137,215,215,217,209,200,202,224,224,109,113,99,99,181,169,222,222
UHA-0043,O,UHA-0260,144,144,230,216,175,179,0,0,257,249,137,137,215,215,207,199,200,200,0,0,67,67,99,99,169,159,222,222
UHA-0045,O,UHA-0260,182,144,230,230,157,165,179,173,257,257,137,137,215,215,0,0,200,198,224,224,89,95,99,99,181,169,222,230
UHA-0047,O,UHA-0260,144,144,230,216,179,165,173,173,243,257,137,149,215,215,207,199,200,198,224,224,113,67,99,99,169,159,222,222
UHA-0052,O,UHA-0260,182,144,230,230,157,165,179,179,243,257,137,149,215,215,207,215,200,200,224,224,89,101,99,99,169,175,222,230
UHA-0056,O,UHA-0260,144,144,230,232,177,179,179,173,257,257,137,137,0,0,0,0,200,200,224,224,89,97,99,99,169,165,222,222
UHA-0068,O,UHA-0014,144,144,230,230,177,165,173,173,257,253,137,137,0,0,199,205,200,200,226,226,111,111,99,99,169,171,222,234
UHA-0070,O,UHA-0014,144,144,230,216,177,179,173,173,253,251,137,137,0,0,217,199,200,200,224,226,89,111,99,99,169,171,234,232
UHA-0071,O,UHA-0014,144,144,230,234,175,179,179,173,253,251,137,137,0,0,215,201,200,200,0,0,109,113,99,99,171,171,230,234
UHA-0075,O,UHA-0014,144,144,216,216,179,165,0,0,257,251,137,137,0,0,199,199,200,200,224,224,89,95,99,99,169,171,222,232
UHA-0077,O,UHA-0014,144,144,230,216,177,179,179,173,257,251,137,137,0,0,199,215,200,200,224,224,89,115,99,99,171,171,222,232
UHA-0079,O,UHA-0014,144,144,216,216,179,179,179,173,253,253,137,137,0,0,201,201,200,198,226,226,111,111,99,99,169,171,232,232
UHA-0080,O,UHA-0014,144,144,216,234,177,177,173,170,253,255,137,137,0,0,201,201,200,200,0,0,89,115,99,99,169,173,232,236
UHA-0081,O,UHA-0014,144,144,230,216,177,179,179,173,253,251,137,137,0,0,217,199,200,198,0,0,113,113,99,99,169,171,234,232
UHA-0098,O,UHA-0257,144,144,230,232,179,155,173,176,243,257,137,149,0,0,215,209,200,202,224,224,89,113,99,99,181,169,222,222
UHA-0101,O,UHA-0257,144,144,230,234,157,155,179,176,243,257,137,137,0,0,207,211,200,202,0,0,67,67,99,99,181,169,0,0
UHA-0105,O,UHA-0257,144,144,232,234,177,155,179,176,261,265,137,139,0,0,211,209,200,200,0,0,97,97,99,99,169,159,222,238
UHA-0109,O,UHA-0257,142,144,216,232,177,155,179,176,243,265,137,137,0,0,199,209,200,202,224,224,81,113,99,99,181,169,222,222
UHA-0111,O,UHA-0257,144,144,230,232,177,173,179,179,257,261,137,139,0,0,209,209,200,200,224,224,97,97,99,99,169,169,222,238
UHA-0112,O,UHA-0257,144,144,216,234,177,177,173,173,253,255,137,137,0,0,201,201,200,200,0,0,89,115,99,99,169,173,232,236
