Tissue_ID,Parent_Offspring,Known_Mother,Species,QS03797_1,QS03797_2,MSQ13_1,MSQ13_2,QrZAG20_1,QrZAG20_2,QpZAG9_1,QpZAG9_2,QS1904_1,QS1904_2,QS03297_1,QS03297_2,MSQ4_1,MSQ4_2,QpZAG1.5_1,QpZAG1.5_2,QM69.2M1_1,QM69.2M1_2
UHA-0020,O,UHA-0261,Quercus muehlenbergii,142,182,230,230,157,177,243,243,137,149,0,0,206,216,181,181,222,222
UHA-0021,O,UHA-0261,Quercus muehlenbergii,144,182,230,230,157,175,243,243,139,149,214,214,216,216,169,181,222,222
UHA-0022,O,UHA-0261,Quercus muehlenbergii,144,144,216,232,173,175,243,257,137,137,0,0,210,216,169,181,222,222
UHA-0023,O,UHA-0261,Quercus muehlenbergii,144,182,230,230,175,179,243,257,137,137,0,0,0,0,169,181,222,222
UHA-0025,O,UHA-0261,Quercus muehlenbergii,144,144,216,232,163,175,243,261,139,139,0,0,198,214,169,181,222,222
UHA-0026,O,UHA-0261,Quercus muehlenbergii,142,144,216,230,165,177,249,257,137,139,214,214,216,216,159,169,222,230
UHA-0027,O,UHA-0261,Quercus muehlenbergii,144,144,216,232,173,175,243,265,137,139,214,214,198,210,159,169,222,222
UHA-0028,O,UHA-0261,Quercus muehlenbergii,142,144,216,234,173,177,243,257,137,139,214,214,210,216,169,181,222,238
UHA-0029,O,UHA-0261,Quercus muehlenbergii,142,144,216,232,155,177,243,257,137,137,214,214,208,216,169,181,222,222
UHA-0039,O,UHA-0261,Quercus muehlenbergii,142,144,216,230,175,177,243,249,137,139,214,214,198,216,169,181,222,222
UHA-0043,O,UHA-0260,Quercus muehlenbergii,144,144,216,230,175,179,249,257,137,137,214,214,198,206,159,169,222,222
UHA-0045,O,UHA-0260,Quercus muehlenbergii,144,182,230,230,157,165,257,257,137,137,214,214,216,216,169,181,222,230
UHA-0047,O,UHA-0260,Quercus muehlenbergii,144,144,216,230,165,179,243,257,137,149,214,214,200,206,159,169,222,222
UHA-0052,O,UHA-0260,Quercus muehlenbergii,144,182,230,230,157,165,243,257,137,149,214,214,206,214,169,175,222,230
UHA-0056,O,UHA-0260,Quercus muehlenbergii,144,144,230,232,177,179,257,257,137,137,0,0,0,0,165,169,222,222
UHA-0068,O,UHA-0014,Quercus muehlenbergii,144,144,230,230,165,177,253,257,137,137,0,0,200,204,169,171,222,234
UHA-0070,O,UHA-0014,Quercus muehlenbergii,144,144,216,230,177,179,251,253,137,137,0,0,200,216,169,171,232,234
UHA-0071,O,UHA-0014,Quercus muehlenbergii,144,144,230,234,175,179,251,253,137,137,0,0,200,214,171,171,230,234
UHA-0075,O,UHA-0014,Quercus muehlenbergii,144,144,216,216,165,179,251,257,137,137,0,0,200,200,169,171,222,232
UHA-0077,O,UHA-0014,Quercus muehlenbergii,144,144,216,230,177,179,251,257,137,137,0,0,200,216,171,171,222,232
UHA-0079,O,UHA-0014,Quercus muehlenbergii,144,144,216,216,179,179,253,253,137,137,0,0,200,200,169,171,232,232
UHA-0080,O,UHA-0014,Quercus muehlenbergii,144,144,216,234,177,177,253,255,137,137,0,0,200,200,169,173,232,236
UHA-0081,O,UHA-0014,Quercus muehlenbergii,144,144,216,230,177,179,251,253,137,137,0,0,200,216,169,171,232,234
UHA-0091,O,UHA-0014,Quercus muehlenbergii,144,144,230,234,175,177,251,265,137,139,214,214,198,206,169,171,230,234
UHA-0098,O,UHA-0257,Quercus muehlenbergii,144,144,230,232,155,179,243,257,137,149,0,0,208,216,169,181,222,222
UHA-0099,O,UHA-0257,Quercus muehlenbergii,144,144,232,232,163,173,257,265,137,137,0,0,208,210,159,165,222,222
UHA-0101,O,UHA-0257,Quercus muehlenbergii,144,144,230,234,155,157,243,257,137,137,0,0,206,210,169,181,222,238
UHA-0105,O,UHA-0257,Quercus muehlenbergii,144,144,232,234,155,177,261,265,137,139,0,0,208,210,159,169,222,238
UHA-0106,O,UHA-0257,Quercus muehlenbergii,144,144,230,232,155,179,243,265,137,137,0,0,208,216,159,181,222,222
UHA-0109,O,UHA-0257,Quercus muehlenbergii,142,144,216,232,155,177,243,265,137,137,0,0,198,208,169,181,222,222
UHA-0111,O,UHA-0257,Quercus muehlenbergii,144,144,230,232,173,177,257,261,137,139,0,0,208,214,169,169,222,238
UHA-0112,O,UHA-0257,Quercus muehlenbergii,144,144,216,234,177,177,253,255,137,137,0,0,200,200,169,173,232,236
UHA-0113,O,UHA-0257,Quercus muehlenbergii,144,144,230,232,155,179,257,265,137,137,0,0,200,216,171,171,230,234
UHA-0114,O,UHA-0257,Quercus muehlenbergii,144,144,234,234,155,157,257,257,137,137,0,0,206,210,159,169,222,222
UHA-0123,O,UHA-0010,Quercus muehlenbergii,144,144,230,234,179,179,243,249,137,139,0,0,210,214,159,169,222,238
UHA-0124,O,UHA-0010,Quercus muehlenbergii,144,144,230,234,165,179,243,249,137,139,214,214,216,216,169,169,222,230
UHA-0125,O,UHA-0010,Quercus muehlenbergii,142,144,230,234,177,179,243,257,137,137,214,214,216,216,169,181,222,230
UHA-0128,O,UHA-0010,Quercus muehlenbergii,144,144,230,234,165,179,253,255,137,139,214,214,212,216,171,181,222,222
UHA-0129,O,UHA-0010,Quercus muehlenbergii,144,144,230,234,165,177,253,255,137,137,214,214,198,198,165,169,230,234
UHA-0130,O,UHA-0010,Quercus muehlenbergii,144,144,230,234,177,179,249,253,137,139,0,0,216,216,165,169,230,234
UHA-0131,O,UHA-0010,Quercus muehlenbergii,142,144,230,234,177,179,253,257,137,139,214,214,198,198,169,169,222,230
UHA-0132,O,UHA-0010,Quercus muehlenbergii,142,144,216,230,177,179,253,257,139,139,0,0,212,216,169,171,222,230
UHA-0133,O,UHA-0010,Quercus muehlenbergii,144,144,230,234,177,179,243,253,139,139,214,214,206,216,169,171,230,232
UHA-0137,O,UHA-0010,Quercus muehlenbergii,144,144,230,234,177,179,249,253,137,139,0,0,216,216,165,169,230,234
UHA-0138,O,UHA-0010,Quercus muehlenbergii,144,144,230,238,157,179,243,259,137,139,214,214,200,216,169,169,222,234
UHA-0139,O,UHA-0010,Quercus muehlenbergii,144,144,230,230,157,179,243,243,137,137,210,210,198,198,167,181,228,228
UHA-0140,O,UHA-0010,Quercus muehlenbergii,144,144,230,234,165,177,243,243,137,137,214,214,198,206,181,181,222,230
UHA-0141,O,UHA-0010,Quercus muehlenbergii,144,144,230,232,155,177,243,257,137,139,214,214,198,214,175,181,230,230
UHA-0142,O,UHA-0010,Quercus muehlenbergii,144,144,230,234,175,179,243,243,137,137,214,214,198,208,169,181,222,230
UHA-0143,O,UHA-0010,Quercus muehlenbergii,144,144,230,234,165,177,243,255,137,139,0,0,216,216,165,181,230,234
UHA-0144,O,UHA-0010,Quercus muehlenbergii,144,144,230,234,179,179,253,255,137,139,214,214,198,198,165,169,222,234
UHA-0146,O,UHA-0010,Quercus muehlenbergii,144,144,230,234,177,179,243,249,137,137,214,214,0,0,169,181,230,234
UHA-0148,O,UHA-0012,Quercus muehlenbergii,144,144,210,220,165,175,253,259,137,137,0,0,198,198,165,171,222,232
UHA-0150,O,UHA-0012,Quercus muehlenbergii,144,144,230,234,165,175,265,271,137,137,0,0,200,214,167,173,222,230
UHA-0151,O,UHA-0012,Quercus muehlenbergii,144,144,210,230,165,165,257,271,137,137,0,0,200,200,159,171,222,230
UHA-0152,O,UHA-0012,Quercus muehlenbergii,144,144,230,230,175,179,253,257,137,149,214,214,200,206,169,171,222,222
UHA-0153,O,UHA-0012,Quercus muehlenbergii,144,182,210,210,165,179,257,271,137,137,0,0,200,206,169,171,222,222
UHA-0154,O,UHA-0012,Quercus muehlenbergii,144,144,230,232,175,179,253,257,137,137,0,0,212,212,169,171,222,222
UHA-0155,O,UHA-0012,Quercus muehlenbergii,144,144,210,234,155,175,253,265,137,137,0,0,200,210,159,171,222,238
UHA-0156,O,UHA-0012,Quercus muehlenbergii,144,176,230,232,175,179,245,253,137,137,0,0,202,202,169,171,218,222
UHA-0157,O,UHA-0012,Quercus muehlenbergii,144,144,210,232,175,177,253,257,137,137,0,0,200,210,165,171,222,222
UHA-0158,O,UHA-0012,Quercus muehlenbergii,144,144,216,230,165,177,269,271,137,137,0,0,200,210,167,167,222,234
UHA-0159,O,UHA-0012,Quercus muehlenbergii,144,144,230,230,157,165,243,271,137,137,214,214,200,216,167,181,222,222
UHA-0160,O,UHA-0012,Quercus muehlenbergii,144,144,210,234,155,175,265,271,137,137,0,0,200,210,169,171,222,222
UHA-0161,O,UHA-0012,Quercus muehlenbergii,144,144,230,230,175,179,257,271,137,149,214,214,200,216,167,169,222,222
UHA-0162,O,UHA-0012,Quercus muehlenbergii,144,144,230,232,175,175,245,253,137,137,0,0,0,0,167,171,222,228
UHA-0163,O,UHA-0012,Quercus muehlenbergii,144,144,210,232,165,177,257,271,137,137,0,0,200,212,169,169,222,222
UHA-0164,O,UHA-0016,Quercus muehlenbergii,144,144,230,234,165,175,257,265,137,137,0,0,204,216,173,173,214,222
UHA-0165,O,UHA-0016,Quercus muehlenbergii,144,144,230,230,155,177,253,265,137,137,0,0,216,216,169,173,222,222
UHA-0167,O,UHA-0013,Quercus muehlenbergii,144,182,216,216,157,179,257,261,137,137,214,214,0,0,169,181,222,232
UHA-0003,P,,Quercus alba,142,144,206,206,155,169,255,269,137,137,210,210,198,208,159,159,234,240
UHA-0004,P,,Quercus bicolor,146,146,228,230,171,185,251,257,137,137,210,210,204,208,159,159,228,232
UHA-0005,P,,Quercus bicolor,146,146,226,232,171,173,241,255,137,137,210,210,194,204,165,173,228,232
UHA-0006,P,,Quercus bicolor,146,146,226,232,171,177,255,259,137,137,210,210,204,210,159,173,228,228
UHA-0007,P,,Quercus macrocarpa,144,144,222,238,163,169,259,261,137,137,210,210,200,208,167,189,230,232
UHA-0008,P,,Quercus macrocarpa,144,144,226,234,163,175,259,259,137,137,0,0,200,202,167,173,228,230
UHA-0009,P,,Quercus muehlenbergii,144,144,230,234,175,179,253,261,137,137,0,0,200,216,169,169,222,234
UHA-0010,P,,Quercus muehlenbergii,144,144,230,230,177,179,243,253,137,139,214,214,198,216,169,181,222,230
UHA-0011,P,,Quercus muehlenbergii,144,144,230,234,175,179,253,261,137,139,0,0,200,216,169,169,222,222
UHA-0012,P,,Quercus muehlenbergii,144,144,210,230,165,175,253,271,137,137,0,0,200,242,167,171,222,222
UHA-0013,P,,Quercus muehlenbergii,144,144,216,230,175,179,253,261,137,137,0,0,200,216,169,169,232,234
UHA-0014,P,,Quercus muehlenbergii,144,144,216,230,177,179,251,253,137,137,0,0,200,200,169,171,232,234
UHA-0015,P,,Quercus muehlenbergii,144,144,230,234,177,179,253,261,137,139,0,0,200,216,169,169,222,234
UHA-0016,P,,Quercus muehlenbergii,144,144,230,234,165,177,253,257,137,137,0,0,0,0,169,173,214,222
UHA-0017,P,,Quercus macrocarpa,144,144,224,240,161,179,251,259,137,137,210,210,210,214,171,171,232,238
UHA-0018,P,,Quercus macrocarpa,144,144,230,240,159,169,259,269,137,137,0,0,202,210,171,173,228,232
UHA-0172,P,,Quercus x humidicola,146,146,220,226,171,185,241,259,137,137,210,210,200,204,167,175,228,232
UHA-0174,P,,Quercus macrocarpa,142,144,234,234,155,169,237,243,137,137,210,210,212,214,165,167,228,232
UHA-0175,P,,Quercus macrocarpa,144,144,226,234,155,183,243,249,137,137,0,0,200,216,167,173,232,236
UHA-0176,P,,Quercus x humidicola,142,144,206,206,161,177,251,255,137,137,234,234,198,198,165,167,238,240
UHA-0177,P,,Quercus macrocarpa,144,144,232,232,175,175,245,251,137,137,210,210,188,198,167,169,228,228
UHA-0178,P,,Quercus macrocarpa,144,144,206,208,177,177,251,251,137,137,212,212,198,198,165,167,234,238
UHA-0179,P,,Quercus macrocarpa,146,146,204,228,173,175,251,251,135,137,212,212,200,204,159,167,228,232
UHA-0183,P,,Quercus alba,142,144,206,208,165,167,265,265,137,137,210,228,202,218,159,167,238,238
UHA-0184,P,,Quercus alba,144,144,206,206,163,163,255,263,137,141,0,0,200,200,165,167,234,234
UHA-0186,P,,Quercus alba,142,144,206,208,163,169,269,271,137,137,210,210,198,200,159,167,234,246
UHA-0187,P,,Quercus alba,144,144,206,208,165,165,253,253,137,137,210,214,200,202,165,165,228,232
UHA-0188,P,,Quercus alba,142,144,206,206,163,167,243,255,137,137,210,228,208,208,165,169,232,244
UHA-0189,P,,Quercus alba,144,144,206,206,163,165,243,255,137,137,210,210,208,218,165,169,232,238
UHA-0190,P,,Quercus alba,144,144,206,206,163,165,243,245,137,137,210,210,206,218,159,161,232,238
UHA-0191,P,,Quercus alba,144,144,206,206,165,165,249,263,135,137,0,0,218,230,165,165,244,244
UHA-0193,P,,Quercus bicolor,146,146,204,228,161,179,249,259,137,137,210,210,198,202,159,159,228,232
UHA-0194,P,,Quercus bicolor,144,144,228,228,171,171,241,255,137,147,210,210,198,204,159,167,228,238
UHA-0195,P,,Quercus bicolor,144,144,226,226,171,183,235,259,137,137,210,210,198,198,159,167,228,228
UHA-0196,P,,Quercus bicolor,144,144,228,236,165,173,245,245,137,137,210,210,198,206,159,167,232,232
UHA-0197,P,,Quercus bicolor,146,146,204,220,177,181,243,259,137,137,210,210,206,212,159,173,228,228
UHA-0198,P,,Quercus bicolor,140,146,220,228,157,169,251,255,137,137,210,210,206,214,175,175,228,228
UHA-0199,P,,Quercus bicolor,144,146,228,234,167,167,255,255,137,137,210,210,198,214,159,161,230,232
UHA-0202,P,,Quercus bicolor,146,146,220,226,179,179,247,251,137,139,210,210,202,220,159,167,230,232
UHA-0203,P,,Quercus bicolor,146,146,220,226,173,181,255,259,137,137,210,210,198,198,161,163,232,232
UHA-0204,P,,Quercus bicolor,146,146,228,228,181,203,251,253,137,137,210,210,198,212,161,173,228,232
UHA-0205,P,,Quercus bicolor,144,144,226,226,173,183,241,259,137,137,210,210,198,200,159,159,228,228
UHA-0207,P,,Quercus bicolor,146,146,228,230,171,185,251,257,137,137,210,210,204,208,159,159,228,232
UHA-0208,P,,Quercus bicolor,140,144,228,230,157,161,251,253,137,137,210,210,210,210,159,159,228,228
UHA-0209,P,,Quercus bicolor,144,144,224,226,169,171,247,247,137,137,210,210,200,200,159,167,228,228
UHA-0210,P,,Quercus x deamii,144,144,220,226,175,179,243,251,137,137,0,0,202,216,171,173,222,238
UHA-0211,P,,Quercus dentata,144,144,218,218,161,161,227,233,135,135,0,0,200,202,159,161,212,240
UHA-0212,P,,Quercus dentata,144,144,218,218,161,161,227,233,135,135,0,0,0,0,159,161,212,240
UHA-0213,P,,Quercus prinoides,144,144,206,226,163,163,253,253,137,137,214,214,200,204,165,165,234,238
UHA-0214,P,,Quercus prinoides,144,144,206,224,163,163,245,263,137,141,214,214,204,220,161,167,234,238
UHA-0215,P,,Quercus x humidicola,144,144,206,230,161,163,253,259,137,137,212,212,208,210,159,161,228,244
UHA-0216,P,,Quercus x humidicola,144,144,206,230,161,171,235,253,135,137,210,210,0,0,159,167,228,234
UHA-0217,P,,Quercus x humidicola,144,144,206,226,161,165,253,253,137,137,210,210,198,216,159,159,230,240
UHA-0218,P,,Quercus x humidicola,144,144,206,226,161,161,253,261,137,137,214,214,198,228,159,165,230,238
UHA-0219,P,,Quercus x humidicola,144,144,230,238,167,169,247,253,137,137,210,210,210,210,159,167,228,228
UHA-0220,P,,Quercus x humidicola,144,144,222,230,155,169,245,253,137,137,210,210,198,234,159,159,228,238
UHA-0221,P,,Quercus x macdanielii,142,144,228,230,161,183,251,255,137,137,210,216,202,202,167,171,228,232
UHA-0222,P,,Quercus x macdanielii,142,144,228,230,161,183,251,255,137,137,210,210,202,202,167,171,228,232
UHA-0223,P,,Quercus macrocarpa,142,146,226,230,159,163,257,269,137,137,210,210,198,198,167,171,230,238
UHA-0225,P,,Quercus macrocarpa,142,144,226,232,159,179,233,251,137,137,210,210,208,208,163,173,228,228
UHA-0226,P,,Quercus macrocarpa,144,144,226,226,171,177,233,251,137,137,210,210,208,212,163,163,228,236
UHA-0227,P,,Quercus macrocarpa,142,144,230,230,159,177,249,269,137,137,210,210,198,198,169,169,230,236
UHA-0228,P,,Quercus macrocarpa,142,144,230,230,159,173,251,269,137,137,210,210,200,200,171,171,230,236
UHA-0229,P,,Quercus macrocarpa,144,144,224,240,161,179,251,259,137,137,210,210,210,214,171,171,232,238
UHA-0230,P,,Quercus macrocarpa,0,0,226,236,167,173,261,265,137,137,210,210,200,200,167,169,228,232
UHA-0231,P,,Quercus macrocarpa,144,144,222,238,163,169,249,259,137,137,0,0,200,232,169,173,228,230
UHA-0232,P,,Quercus macrocarpa,144,148,222,236,161,169,249,261,137,137,210,210,206,208,167,171,228,236
UHA-0233,P,,Quercus macrocarpa,144,144,220,234,163,167,235,259,137,137,0,0,200,204,173,173,228,228
UHA-0234,P,,Quercus macrocarpa,140,144,230,236,165,169,259,259,137,137,0,0,198,198,161,173,232,236
UHA-0235,P,,Quercus macrocarpa,144,144,226,230,169,169,257,259,137,137,0,0,200,212,161,173,232,236
UHA-0236,P,,Quercus macrocarpa,148,148,234,236,161,167,251,259,137,137,0,0,200,212,167,173,228,234
UHA-0238,P,,Quercus macrocarpa,144,144,220,234,163,171,249,251,137,137,210,210,204,218,169,173,228,230
UHA-0239,P,,Quercus macrocarpa,144,144,232,234,169,171,249,253,137,137,0,0,200,200,169,169,228,230
UHA-0240,P,,Quercus macrocarpa,144,144,230,234,169,171,249,249,137,137,210,210,202,202,167,167,230,236
UHA-0241,P,,Quercus macrocarpa,144,144,234,238,157,179,247,247,137,137,210,210,200,200,167,171,230,236
UHA-0242,P,,Quercus macrocarpa,144,144,230,242,163,169,231,241,137,137,0,0,200,214,171,177,228,230
UHA-0243,P,,Quercus macrocarpa,142,148,230,236,163,169,259,261,137,137,210,210,202,202,155,167,228,230
UHA-0245,P,,Quercus macrocarpa,144,144,232,232,159,161,233,255,137,137,210,210,210,210,173,173,228,228
UHA-0246,P,,Quercus macrocarpa,140,144,230,232,163,179,235,249,137,137,210,210,200,202,167,167,230,236
UHA-0247,P,,Quercus macrocarpa,144,146,232,234,157,169,247,251,137,137,210,210,198,198,173,173,230,234
UHA-0248,P,,Quercus michauxii,144,144,220,222,155,155,245,245,137,137,226,226,216,216,169,169,226,242
UHA-0249,P,,Quercus michauxii,144,144,220,222,155,155,243,267,137,137,226,226,220,220,169,173,232,232
UHA-0251,P,,Quercus mongolica,144,192,218,218,173,173,245,245,135,137,0,0,202,202,165,167,238,246
UHA-0252,P,,Quercus mongolica,144,144,224,228,161,173,245,249,137,137,0,0,0,0,159,159,248,248
UHA-0254,P,,Quercus montana,142,144,234,236,159,159,233,243,135,137,212,212,1,1,167,167,232,240
UHA-0255,P,,Quercus montana,144,144,228,228,179,179,245,245,137,137,212,216,2,2,173,173,228,240
UHA-0256,P,,Quercus muehlenbergii,144,144,216,234,165,179,267,269,137,137,0,0,200,200,173,173,222,234
UHA-0257,P,,Quercus muehlenbergii,144,144,232,234,155,173,257,265,137,137,0,0,208,210,159,169,222,222
UHA-0258,P,,Quercus muehlenbergii,144,144,232,232,163,177,257,261,137,139,0,0,210,210,165,169,222,222
UHA-0259,P,,Quercus muehlenbergii,144,144,234,234,165,179,249,255,137,137,214,214,200,214,165,169,222,234
UHA-0260,P,,Quercus muehlenbergii,144,182,230,230,157,179,243,257,137,149,214,214,206,216,169,181,222,222
UHA-0261,P,,Quercus muehlenbergii,142,144,216,230,175,177,243,249,137,139,214,214,198,216,169,181,222,222
UHA-0262,P,,Quercus muehlenbergii,144,144,216,230,177,179,251,253,137,137,0,0,200,216,171,171,232,234
UHA-0263,P,,Quercus muehlenbergii,144,144,216,230,177,179,251,253,137,139,0,0,216,216,169,171,222,232
UHA-0264,P,,Quercus muehlenbergii,144,144,230,234,165,175,253,257,137,137,0,0,200,204,169,173,214,222
UHA-0265,P,,Quercus muehlenbergii,144,144,230,234,177,179,253,255,137,139,0,0,200,200,169,173,222,236
UHA-0266,P,,Quercus muehlenbergii,144,144,230,234,155,175,253,265,137,137,0,0,214,214,171,173,222,230
UHA-0267,P,,Quercus muehlenbergii,144,144,216,230,177,179,253,261,137,137,0,0,200,200,169,169,232,234
UHA-0268,P,,Quercus prinoides,144,144,234,238,179,179,253,261,137,139,0,0,200,208,159,173,214,226
UHA-0269,P,,Quercus prinoides,144,144,234,234,163,179,249,267,137,137,0,0,202,214,169,173,220,234
UHA-0270,P,,Quercus prinoides,144,144,224,240,175,187,261,261,137,137,0,0,198,198,159,165,222,226
UHA-0271,P,,Quercus prinoides,144,144,216,216,165,183,263,269,137,137,210,210,212,214,159,169,222,224
UHA-0272,P,,Quercus prinoides,144,148,230,240,173,179,261,261,137,139,0,0,198,208,159,165,222,222
UHA-0273,P,,Quercus robur,144,146,216,234,161,189,243,243,137,137,210,254,198,198,163,165,220,228
UHA-0276,P,,Quercus stellata,144,144,224,226,161,165,245,245,141,141,0,0,196,202,167,167,234,238
UHA-0277,P,,Quercus stellata,144,144,0,0,163,167,245,247,139,143,216,216,196,212,161,167,234,238
UHA-0282,P,,Quercus macrocarpa,144,144,226,230,155,155,235,243,137,137,210,210,198,198,167,167,228,236
UHA-0283,P,,Quercus macrocarpa,144,144,206,206,163,163,245,251,137,137,226,226,200,200,167,167,234,240
UHA-0284,P,,Quercus macrocarpa,144,144,202,232,171,177,257,269,137,137,210,210,200,210,167,167,232,236
UHA-0285,P,,Quercus macrocarpa,144,144,206,206,161,163,235,245,137,137,214,214,204,204,163,167,234,246
UHA-0287,P,,Quercus macrocarpa,144,144,206,220,161,163,255,269,137,137,214,214,202,202,161,167,234,246
UHA-0288,P,,Quercus macrocarpa,144,144,232,232,163,167,251,269,137,137,210,210,200,200,159,171,222,228
UHA-0289,P,,Quercus macrocarpa,142,144,224,230,169,169,247,263,137,137,210,210,200,200,161,167,228,230
UHA-0295,P,,Quercus macrocarpa,0,0,222,226,157,165,257,259,137,137,210,210,198,200,155,167,232,236
UHA-0299,P,,Quercus macrocarpa,144,144,230,230,169,169,249,265,137,137,210,210,202,202,159,171,230,232
UHA-0300,P,,Quercus alba,144,144,206,206,163,163,245,259,137,137,0,0,220,220,159,165,234,238
UHA-0301,P,,Quercus macrocarpa,144,144,230,234,163,169,247,249,137,137,210,210,200,200,159,171,226,236
UHA-0302,P,,Quercus macrocarpa,142,150,230,240,155,169,253,255,137,139,0,0,200,210,171,173,228,228
UHA-0303,P,,Quercus macrocarpa,144,144,232,232,163,169,249,261,137,137,210,210,200,204,171,171,228,238
UHA-0304,P,,Quercus macrocarpa,144,144,224,232,159,161,265,269,137,137,210,210,198,216,167,167,228,230
UHA-0305,P,,Quercus macrocarpa,144,144,222,230,167,169,247,271,137,137,210,210,200,200,159,167,226,230
UHA-0306,P,,Quercus macrocarpa,144,144,230,232,169,173,243,271,137,137,0,0,200,214,173,173,226,228
UHA-0307,P,,Quercus macrocarpa,144,144,234,234,157,175,257,259,137,137,210,210,202,206,155,173,228,234
UHA-0308,P,,Quercus macrocarpa,144,144,230,230,163,169,247,251,137,137,210,210,198,198,159,171,226,238
UHA-0309,P,,Quercus macrocarpa,144,144,232,234,157,161,237,259,137,137,0,0,202,202,155,173,234,234
UHA-0310,P,,Quercus macrocarpa,144,146,226,236,157,175,247,257,137,137,210,210,202,206,173,183,228,238
UHA-0311,P,,Quercus alba,144,150,206,206,161,193,259,263,137,137,214,214,206,232,159,165,234,246
UHA-0312,P,,Quercus macrocarpa,144,144,230,234,169,171,247,257,137,137,0,0,198,198,159,173,226,238
UHA-0313,P,,Quercus macrocarpa,144,144,234,244,169,171,249,257,137,137,210,210,200,200,173,173,238,238
UHA-0314,P,,Quercus alba,144,144,206,206,165,167,243,269,135,137,210,214,0,0,165,169,234,234
UHA-0316,P,,Quercus macrocarpa,144,144,232,234,157,173,249,257,137,137,210,210,200,216,167,173,228,234
UHA-0317,P,,Quercus macrocarpa,144,144,232,238,163,179,235,259,137,137,210,210,198,206,155,175,230,230
UHA-0318,P,,Quercus macrocarpa,144,144,234,236,159,169,237,249,137,137,210,210,198,210,159,173,232,232
UHA-0319,P,,Quercus alba,144,150,206,206,167,193,259,263,137,137,210,210,198,198,159,165,234,234
UHA-0320,P,,Quercus alba,144,150,206,206,177,193,255,263,137,137,214,214,198,214,159,167,234,238
UHA-0321,P,,Quercus macrocarpa,144,144,230,234,169,169,233,265,137,137,210,210,200,210,159,173,228,232
UHA-0322,P,,Quercus macrocarpa,144,144,234,240,171,173,249,255,137,139,210,210,198,216,159,167,232,234
UHA-0323,P,,Quercus alba,144,144,206,226,167,177,235,263,137,137,214,214,198,198,159,167,226,234
UHA-0324,P,,Quercus alba,0,0,206,206,163,175,255,265,137,137,214,214,200,200,161,165,234,234
UHA-0325,P,,Quercus alba,144,144,206,206,163,173,253,265,137,137,214,214,210,212,161,161,234,244
UHA-0326,P,,Quercus alba,144,144,206,206,163,163,255,259,137,137,210,210,200,200,159,163,234,234
UHA-0327,P,,Quercus alba,144,144,206,206,163,163,253,265,137,137,210,210,200,202,161,165,234,234
UHA-0329,P,,Quercus alba,144,144,230,232,169,169,251,251,137,137,210,210,200,202,161,173,212,232
UHA-0330,P,,Quercus macrocarpa,140,144,232,236,157,173,245,249,137,137,210,210,198,198,171,171,226,228
UHA-0331,P,,Quercus alba,142,144,0,0,161,165,249,253,137,137,214,214,202,214,165,167,234,234
UHA-0332,P,,Quercus macrocarpa,144,144,230,238,157,179,255,257,137,137,210,210,202,204,155,173,228,230
UHA-0333,P,,Quercus alba,144,144,206,206,165,191,255,265,137,137,210,210,198,198,165,167,234,234
UHA-0334,P,,Quercus macrocarpa,144,144,206,206,163,163,235,245,137,137,214,214,210,210,161,167,216,234
UHA-0335,P,,Quercus macrocarpa,142,144,230,240,163,167,249,251,137,137,210,210,200,202,171,171,228,230
UHA-0337,P,,Quercus macrocarpa,144,146,230,230,155,157,251,253,137,137,210,210,198,198,159,173,228,230
UHA-0338,P,,Quercus alba,144,148,206,222,163,163,245,281,137,137,214,226,202,216,159,167,234,238
UHA-0339,P,,Quercus alba,144,144,206,206,163,163,263,269,137,137,214,214,210,210,167,167,234,234
UHA-0340,P,,Quercus macrocarpa,144,144,228,238,177,179,257,261,137,137,210,210,202,212,159,167,226,230
UHA-0343,P,,Quercus alba,144,144,206,206,163,175,257,269,137,141,214,214,202,222,161,167,234,234
UHA-0345,P,,Quercus macrocarpa,144,144,232,238,157,169,247,259,137,137,210,210,200,200,167,169,228,232
UHA-0346,P,,Quercus macrocarpa,140,144,222,226,163,163,241,259,137,137,210,210,198,202,167,171,230,242
UHA-0347,P,,Quercus macrocarpa,140,144,232,234,163,175,249,261,137,137,210,210,198,200,167,173,228,236
UHA-0348,P,,Quercus macrocarpa,146,146,230,240,157,169,253,259,137,137,0,0,198,212,159,173,230,230
UHA-0349,P,,Quercus macrocarpa,144,144,226,234,157,169,235,261,137,137,210,210,0,0,167,173,228,230
UHA-0350,P,,Quercus alba,144,144,206,206,163,163,243,253,137,137,0,0,200,200,167,167,234,238
UHA-0352,P,,Quercus alba,144,144,226,240,155,169,241,241,137,137,210,210,198,198,167,167,230,230
UHA-0353,P,,Quercus macrocarpa,144,144,232,236,155,169,235,249,137,137,0,0,198,200,159,171,228,234
UHA-0354,P,,Quercus macrocarpa,144,144,228,236,157,177,249,261,137,137,0,0,202,206,165,167,226,228
