id,QS03797,,MSQ13,,QrZAG20,,QS00314,,QpZAG9,,QS1904,,qs03297,,MSQ4,,QpZAG110,,QS00562,,QpZAG119,,QrZAG87,,QpZAG1/5,,QM69-2M1,
UHA-0001,144,144,206,206,163,165,170,173,255,263,137,137,227,227,197,207,202,202,224,224,67,79,99,99,165,167,234,244
UHA-0002,144,144,206,208,155,163,170,173,235,249,135,135,213,213,201,207,202,206,224,224,71,107,99,99,167,171,234,238
UHA-0003,142,144,206,206,155,169,173,173,255,269,137,137,211,211,199,209,202,202,224,224,77,95,99,99,159,159,234,240
UHA-0004,146,146,228,230,171,185,173,173,251,257,137,137,211,211,205,209,204,210,222,222,71,73,0,0,159,159,228,232
UHA-0005,146,146,226,232,171,173,173,173,241,255,137,137,211,211,195,203,204,204,224,224,61,67,99,99,165,173,228,232
UHA-0006,146,146,226,232,171,177,173,173,255,259,137,137,211,211,203,211,206,206,226,226,59,61,99,99,159,173,228,228
UHA-0007,144,144,222,238,163,169,170,170,259,261,137,137,211,211,201,209,206,208,224,224,65,69,99,99,167,189,230,232
UHA-0009,144,144,230,234,175,179,173,173,253,261,137,137,0,0,199,215,198,200,226,226,111,111,99,99,169,169,222,234
UHA-0010,144,144,230,230,177,179,173,179,243,253,137,139,215,215,199,215,0,0,224,226,111,115,99,99,169,181,222,230
UHA-0011,144,144,230,234,175,179,173,173,253,261,137,139,0,0,201,217,200,200,226,226,85,89,99,99,169,169,222,222
UHA-0012,144,144,210,230,165,175,173,173,253,271,137,137,0,0,201,243,200,200,224,224,77,111,99,99,167,171,222,222
UHA-0013,144,144,216,230,175,179,173,173,253,261,137,137,0,0,201,217,198,200,226,226,89,113,99,99,169,169,232,234
UHA-0014,144,144,216,230,177,179,173,179,251,253,137,137,0,0,199,201,200,200,224,226,89,113,99,99,169,171,232,234
UHA-0015,144,144,230,234,177,179,173,173,253,261,137,139,0,0,199,215,200,200,226,226,85,89,99,99,169,169,222,234
UHA-0016,144,144,230,234,165,177,173,173,253,257,137,137,0,0,0,0,0,0,226,226,111,115,99,99,169,173,214,222
UHA-0017,144,144,224,240,161,179,170,170,251,259,137,137,211,211,211,213,204,214,0,0,63,65,99,101,169,171,232,238
UHA-0018,144,144,230,240,159,169,170,170,259,269,137,137,0,0,203,211,210,212,226,226,0,0,99,101,173,173,228,232
